id,title,post_link,thumbnail_file,comment_screenshot_files,category,tags,date,visible,sort_order
fb-post-1,Post 1 by Purushottam /bhaiya,https://www.facebook.com/photo/?fbid=27929750516614316&set=a.3044830832199629,fb-post-1.jpg,fb-post-1-comments.jpg,Bhajan,"""""""""""""""satsang|devotion""""""""""""""",2026-04-25,yes,1
fb-post-2,Post 2 by Purushottam /bhaiya,https://www.facebook.com/photo?fbid=27929748189947882&set=a.3044830832199629,image.png,fb-post-2-comments.jpg,Pravachan,"""""""""""""""insights|bhakti""""""""""""""",2026-04-25,yes,2
fb-post-001,Kamal Sharma,https://www.facebook.com/purushottam.sharma.07/posts/pfbid048idJutP5SyfTnSatmn3vF3FYYwHX1veMeoSeZMNVUKkfZ3fXPnGMjgx1QX8nhh6l,fb-post-001.jpg,,,,2026-04-26,yes,3
fb-post-002,Post by Purushottam Sharma,https://www.facebook.com/photo/?fbid=27884257774496924&set=a.3044830832199629,fb-post-002.jpg,,,,2026-04-26,yes,4
fb-post-003,Post by Purushottam Sharma,https://www.facebook.com/photo/?fbid=27534152776174094&set=a.3044830832199629,fb-post-003.jpg,,,,2026-04-26,yes,5
fb-post-004,Post by Purushottam Sharma,https://www.facebook.com/photo/?fbid=26944761495113228&set=a.2738702949479087,fb-post-004.jpg,,,,2026-04-26,yes,6
fb-post-005,Post by Purushottam Sharma,https://www.facebook.com/purushottam.sharma.07/posts/pfbid048idJutP5SyfTnSatmn3vF3FYYwHX1veMeoSeZMNVUKkfZ3fXPnGMjgx1QX8nhh6l,fb-post-005.jpg,,,,2026-04-26,yes,7
fb-post-006,Post by Purushottam Sharma,https://www.facebook.com/purushottam.sharma.07/posts/pfbid0qa4rLFkoj4DgrANwC5Zu6v9TpijKbE42GJyQ4fc6g57tKchHGcpRaUwWayfHHJSNl,fb-post-006.jpg,,,,2026-04-26,yes,8
fb-post-007,Post by Purushottam Sharma,https://www.facebook.com/purushottam.sharma.07/posts/pfbid0K9LjbLzcCaXoFzcXWs4KC4tgpN7Avr1djxm9jSK9V8TuQEGXxeQ9ecGFHjHCMi79l,fb-post-007.jpg,,,,2026-04-26,yes,9
fb-post-008,Post by Purushottam Sharma,https://www.facebook.com/purushottam.sharma.07/posts/pfbid0XxquALsNP8J5FQwyDCgsoq5M5srkWVkFf79B9btLf8vGgPMFauasvAAeoDSwiRnEl,fb-post-008.jpg,,,,2026-04-26,yes,10
fb-post-009,Post by Purushottam Sharma,https://www.facebook.com/purushottam.sharma.07/posts/pfbid0vHJz7L6vWMninFDcWLFL6sTJxGDfzuWKx8K6FqM9fgF6fB7pqvU9D1SQbUPPBWJ9l,fb-post-009.jpg,"""fb-post-009-comment-1.jpg|fb-post-009-comment-2.jpg""",,,2026-04-26,yes,11
fb-post-010,Anita Tulsian,https://www.facebook.com/photo/?fbid=1015274838487150&set=pob.100000182250673,fb-post-010.jpg,,,,2026-04-26,yes,12
fb-post-011,Vanita Kedia,https://www.facebook.com/photo/?fbid=27991705170418850&set=a.3044830832199629&__cft__[0]=AZbf5OhEkloqoE7k9r7C9J_1JcEwApGddaPJ8OLB6mLWjtA_p2HKUyMA_G99qoIUvNXikr_1rMwH7nDeZVeAUEXlTPipj3uccfsy1WC9zZaMeB35PEvx0l8hqm6PAhaQxrJuRUMz9Y5lFPkER-XUC8If5LJpA5Kn9R86iSK-nWdVVQ&__tn__=EH-R,fb-post-011.jpg,,,,2026-04-26,yes,13
fb-post-012,Post by Purushottam Sharma,https://www.facebook.com/purushottam.sharma.07/posts/pfbid0hHq9Ds8zwHdF9jQeBX1RiUR8BXuY2KuZnUrn6mxFE1M1BSqUonTkoeh2zFF38Dxl?comment_id=1467359801598875&__cft__[0]=AZbf5OhEkloqoE7k9r7C9J_1JcEwApGddaPJ8OLB6mLWjtA_p2HKUyMA_G99qoIUvNXikr_1rMwH7nDeZVeAUEXlTPipj3uccfsy1WC9zZaMeB35PEvx0l8hqm6PAhaQxrJuRUMz9Y5lFPkER-XUC8If5LJpA5Kn9R86iSK-nWdVVQ&__tn__=R-R,fb-post-012.jpg,,,,2026-04-26,yes,14
fb-post-013,Rashi Aggarwal,https://www.facebook.com/photo/?fbid=27991703940418973&set=a.3044830832199629&__cft__[0]=AZZokoSIwzGxv9ePxL5FLKLX7b717QqXj-SOxM-qvBVJQT8U_OKK5cQJaEQMObVoYDPfxijVQOWybZj_Wr6vBmnIKsu5P2dX2LUPaS_Qd-dXLvKmbeo73Vme6L_ziN33kScY-OO2mEAJNOogJx6qZkkRhkYJdoj2_1wwjdM_ZkW54Q&__tn__=EH-R,fb-post-013.jpg,,,,2026-04-26,yes,15
fb-post-014,Suzanne Leon,https://www.facebook.com/purushottam.sharma.07/posts/pfbid035EiLhEMzEnFy4a92TrWRFBaDnJUZwKz42hYZY9A6REBR7sS4SDJXnVP4pGreiBL2l?comment_id=26304729552531767&__cft__[0]=AZZokoSIwzGxv9ePxL5FLKLX7b717QqXj-SOxM-qvBVJQT8U_OKK5cQJaEQMObVoYDPfxijVQOWybZj_Wr6vBmnIKsu5P2dX2LUPaS_Qd-dXLvKmbeo73Vme6L_ziN33kScY-OO2mEAJNOogJx6qZkkRhkYJdoj2_1wwjdM_ZkW54Q&__tn__=R-R,fb-post-014.jpg,,,,2026-04-26,yes,16
fb-post-015,Post by Purushottam Sharma,https://www.facebook.com/purushottam.sharma.07/posts/pfbid0eMB8FbB8V1yaFMtk8uLGq2FzpnDveqiN6vvjRNU9hKbir42swCf2MGy6QuR7yzs9l?comment_id=3914658618671606&__cft__[0]=AZba7DtcTRL9sqSBlKk-q_Cr9iPY3fKV-Mgm2TlChot7TTHxwFXD3QoV656uq7eotDFU3Zi8ocpOuz5APdeRvy4H2cWKw5DujwCBS9BCxJVgCPIpCc04cP81BT5R2syciiGI9elRMhZNYY9s6tLTrfJv&__tn__=R-R,fb-post-015.jpg,,,,2026-04-26,yes,17
fb-post-016,Post by Purushottam Sharma,https://www.facebook.com/purushottam.sharma.07/posts/pfbid0hnvKy2wpdXdDSgYyaXA3psDbzgB8wbQWw1rW59nAtKWJpVXWjJ7oBsoPP6RAevt9l?comment_id=1025623186466083&__cft__[0]=AZbJ0gXacDmjkdvzuoKaPIxzt4ggCJGmsuab_C9mGX01875Lo-BSd4sMUnH2bZ1_jK6RogIYkVQV51FqCmoW2YtKbjSTcZ3smmqAtBU-OtlDylv55h0zeDI6JaQN33WcWfpfuah2Si6GTwWIi1la0Dcf&__tn__=R-R,fb-post-016.jpg,,,,2026-04-26,yes,18
fb-post-019,Rekha Goyal Goyal,https://www.facebook.com/photo/?fbid=27929748189947882&set=a.3044830832199629&__cft__[0]=AZbTh35xko8yTZiZO-ANh4NKzWLWLlKwxTBaUv34QSryGNRirhLCkLanIu-b06_lvA102X-WdqMDMXWNTGbJzNjrLFW6Had_UG7jmlFtPiALcXSRJZKjJjrwyS8QqD21CDZ4xCcM85RLUjvRhoK5jWPapSpmmmEQRG3nnqx2IhDCKA&__tn__=EH-R,fb-post-019.jpg,,,,2026-04-26,yes,19
fb-post-020,Post by Purushottam Sharma,https://www.facebook.com/purushottam.sharma.07/posts/pfbid0bPpndbzjsW3YUaCraAGroEzQFtdqqyaAc2Ntp4hRBSzMMPjx34KFkDDqpAdc7Fswl?comment_id=26573671798939875&__cft__[0]=AZbTh35xko8yTZiZO-ANh4NKzWLWLlKwxTBaUv34QSryGNRirhLCkLanIu-b06_lvA102X-WdqMDMXWNTGbJzNjrLFW6Had_UG7jmlFtPiALcXSRJZKjJjrwyS8QqD21CDZ4xCcM85RLUjvRhoK5jWPapSpmmmEQRG3nnqx2IhDCKA&__tn__=R-R,fb-post-020.jpg,,,,2026-04-26,yes,20
fb-post-022,Post by Purushottam Sharma,https://www.facebook.com/purushottam.sharma.07/posts/pfbid02XSbGeyudnq62WdzjVkS56k9B14XfszH4oiJrptBtM7SAEB5nQWAG2NFG9nzSJaoyl?comment_id=963290282878237&__cft__[0]=AZbOP0OeR3PaJ9NfkoX433kp6b_phByrkrw3WDqk0JM693KBArb5sL_VtvIxVYzfLJ8zD18RagEg0nq3SlOx-xVy-Mww8EnRwrDtHxMI8pMuBlFqiBn99T19Zi2bz58HQ_cwtlxeOEx-yS-0dRIudOg2&__tn__=R-R,fb-post-022.jpg,,,,2026-04-26,yes,21
fb-post-023,Kamal Sharma,https://www.facebook.com/photo/?fbid=27884258581163510&set=a.3044830832199629&__cft__[0]=AZaIs93FIT4epOQfbwkvYSpfay-CcI16zkd82YXPHbD-hBqZUIyYWSfeW4geMgqeKcmQt63YY7STCUbYVldyAlRPjdbQ1E88D0M1KGpCXW0CfNPHQ-dugWRHl8p6LvOGV7QeXDQq3jPl6oAq_ICHUCaisUf3tG8X3GI3pNQTUg-xng&__tn__=EH-R,fb-post-023.jpg,,,,2026-04-26,yes,22
fb-post-024,Post by Purushottam Sharma,https://www.facebook.com/purushottam.sharma.07/posts/pfbid02LHQt9yMCGhfBZSAxiNqmxi9nZvWojiZPsEpKcuzCrZSUqfn384fQu61xqvc9MSyzl?comment_id=1354608939829789&__cft__[0]=AZaIs93FIT4epOQfbwkvYSpfay-CcI16zkd82YXPHbD-hBqZUIyYWSfeW4geMgqeKcmQt63YY7STCUbYVldyAlRPjdbQ1E88D0M1KGpCXW0CfNPHQ-dugWRHl8p6LvOGV7QeXDQq3jPl6oAq_ICHUCaisUf3tG8X3GI3pNQTUg-xng&__tn__=R-R,fb-post-024.jpg,,,,2026-04-26,yes,23
fb-post-025,Rashi Aggarwal,https://www.facebook.com/photo/?fbid=27884257774496924&set=a.3044830832199629&__cft__[0]=AZZkk7JV2bTtK2nxZbRfdNm02jeqwqDgL0FfjyuYIfyQer9q6KnVj-mYjuU8kYv_j8sXwvk2R75s_aQdTGUfAkSZQwohFPofG1Yst8H_5zH3_yKkW2bGWTOl-6UhLvyyiT_NZfnX-e9FgfscrZAPUKf1csk_FL41KZcoJAXHpGS4aw&__tn__=EH-R,fb-post-025.jpg,,,,2026-04-26,yes,24
fb-post-026,Post by Purushottam Sharma,https://www.facebook.com/purushottam.sharma.07/posts/pfbid02U845LSfsEhduuMtNvXZ9mCXJebVJN88uxAMZ5NXoXEYVN1eWuUhGkfLjJbskoXQ7l?comment_id=4148911325399938&__cft__[0]=AZZkk7JV2bTtK2nxZbRfdNm02jeqwqDgL0FfjyuYIfyQer9q6KnVj-mYjuU8kYv_j8sXwvk2R75s_aQdTGUfAkSZQwohFPofG1Yst8H_5zH3_yKkW2bGWTOl-6UhLvyyiT_NZfnX-e9FgfscrZAPUKf1csk_FL41KZcoJAXHpGS4aw&__tn__=R-R,fb-post-026.jpg,,,,2026-04-26,yes,25
fb-post-027,Post by Purushottam Sharma,https://www.facebook.com/purushottam.sharma.07/posts/pfbid02yWc5avDM4pzRwueTkKaMW6LvApLUZwjfFan2ndJ3x2kj77fY9th7PirhbvSr632Gl?comment_id=1263610132069056&__cft__[0]=AZZH_KavF7QVz3PMRwsbtq5o8DL9lX1G9LgppqV5AKBW1CDsWRhS0pdxNnWeTVdwN_h8r03aDa_G3wcpMVD1twVJNxjzYpoBcALrsriwX6lLsbMa5X4fQ-_pvDopruxlDpb6aMGnJ0ZdkWh1kwI8gGCf&__tn__=R-R,fb-post-027.jpg,,,,2026-04-26,yes,26
fb-post-028,Post by Purushottam Sharma,https://www.facebook.com/purushottam.sharma.07/posts/pfbid0qa4rLFkoj4DgrANwC5Zu6v9TpijKbE42GJyQ4fc6g57tKchHGcpRaUwWayfHHJSNl?comment_id=2904096099800800&__cft__[0]=AZY1yH6INt4XO8IuDfwLwo5PLr8OHaqpVvrU7BB7iKLEjFa_RtpgKyAncS9Qdf4FR__ZuZ8kYWDWRbhYBLqGu8iLp7EsTj2_sfasatNdDKt0FhXP6FuNVttnqM7E7E0SX5Lu3hb77dibDo2wWbe4fFKV&__tn__=R-R,fb-post-028.jpg,,,,2026-04-26,yes,27
fb-post-029,Sebastian Yong,https://www.facebook.com/purushottam.sharma.07/posts/pfbid0MSuUCSg5SKLx8JKSow8LHZW8dKPFdTRqH7y3i9LbwEH5z1DFRM2DuxD27Cogo8inl?comment_id=1520213752962934&__cft__[0]=AZbrYnpTr93p_exlVepkqNUQAA00A9voOyXtXuFuKnGHT9UblB7Bd3H3aUKnxm3zRt6fYGj7QMfTsLZfF6LAuykVJHtM5SGFb-UiUSWpbgN6hXq2HiIPujehYZp1lz9avwW8RXTSXN11A7-LBxj88r25&__tn__=R-R,fb-post-029.jpg,,,,2026-04-26,yes,28
fb-post-030,Post by Purushottam Sharma,https://www.facebook.com/purushottam.sharma.07/posts/pfbid0CMrfM8gdHUWrt92DPK5bh47tqCbQbhKtdc8C8xzTbyfuBSkZMqZ9aTYNgootJ6U7l?comment_id=1948534459118676&__cft__[0]=AZZ1iFdKIqDooa-yGl2bALx8a3KaKphh97EyIzy0t0qCOqrPgH-3hYA3Ph_j9Psyk-pw2WM5QEAvslusqiU59HnmUDGflf-vQkjSq2XxL_Q59p_DC7xim4ujnmxKXf7RGbdQgw3ZaXV-EhHd-KCF3j0zx4V9vR0Gd5XefdafN3eCBcfrbyRwQaYCSb917Z4MjeE&__tn__=R-R,fb-post-030.jpg,,,,2026-04-26,yes,29
fb-post-031,Neetu Gupta,https://www.facebook.com/photo/?fbid=27822219840700718&set=a.3044830832199629&__cft__[0]=AZYndidlzszZRH9CkrAQE1lA_QLmMkXoO4Kl1XlFdXPB6pfZV01UMl13BbO-1SObnakAohHno9_-yqWnUf3fb4lHcaodpQv9MLMzjcOPBURPXG8hbdSM2pVts6Ew8NbOoK4mQcNJOtEaR-7iKA1_u6KC0e5KgYm7J3rEPAcBAj68CA&__tn__=EH-R,fb-post-031.jpg,,,,2026-04-26,yes,30
fb-post-032,Post by Purushottam Sharma,https://www.facebook.com/purushottam.sharma.07/posts/pfbid034oNnSydB23K6oYHwDt4L7fraM7DEVwNtk5EPDobZSnHeh8dEoavzWQTce5RKVYRfl?comment_id=1614489809772780&__cft__[0]=AZYndidlzszZRH9CkrAQE1lA_QLmMkXoO4Kl1XlFdXPB6pfZV01UMl13BbO-1SObnakAohHno9_-yqWnUf3fb4lHcaodpQv9MLMzjcOPBURPXG8hbdSM2pVts6Ew8NbOoK4mQcNJOtEaR-7iKA1_u6KC0e5KgYm7J3rEPAcBAj68CA&__tn__=R-R,fb-post-032.jpg,,,,2026-04-26,yes,31
fb-post-033,Rashi Aggarwal,https://www.facebook.com/photo/?fbid=27822217927367576&set=a.3044830832199629&__cft__[0]=AZbkdJOFSEBK1Tj90EZAsbZglHF90d1YQYfnbn4Fya1tbMpnUPozHaniQfpovBWn75CSvRG3J1_EGyXjWm4ahv71fwXeKxUvx7gvR7bu3tJP8SzdAPK415l0w5nEGjyG8YTavIv7jhVzlwKCUvhhqpC5KLRV8NtpW8etPUgnVvxRBw&__tn__=EH-R,fb-post-033.jpg,,,,2026-04-26,yes,32
fb-post-034,Post by Purushottam Sharma,https://www.facebook.com/purushottam.sharma.07/posts/pfbid02QenApvhEFVrhdB36pt3uo9ivJGQycPtUoaCPZMcEN9V1FGBVE1jAuaxLdRpkvoHul?comment_id=1655578275755876&__cft__[0]=AZZ_ZT7roJeNRmmG2qxVCwgKMEnxMgohNVsQ1rbdYnuE1pBFfZewDIsJDy79CMfabKl9YSjRBZ6rNM2U28U3OSW6HdgGTcIaNkAPBVqCmusa7yt5G3JH37Bf_XvpkgJ6vHUbHpKKRRvkHsAQzGaRbXtQ&__tn__=R-R,fb-post-034.jpg,,,,2026-04-26,yes,33
fb-post-035,Post by Purushottam Sharma,https://www.facebook.com/purushottam.sharma.07/posts/pfbid08dwyYTaBu93vkFb2efNxCk5pzJ2gUsPWaQDrGvFB7TkEi9BwBvRARJB9GhSmEs3zl?comment_id=1249780657239458&__cft__[0]=AZahEU0nHXnaqqys_sdtC1Gpa3lqxSVLt8UvQ9qp2AoyOHUPi2CKTIhnSPq93QOm6c2xuZXDFK2yAWh1wZ6ag2ktx4XN0Q2pdcpeXJTpebJVGb3hUN--Yl3Lm8_Ndz9O3Umegk0WvBCuhpTdeeD18MCL&__tn__=R-R,fb-post-035.jpg,,,,2026-04-26,yes,34
fb-post-036,Neetu Gupta,https://www.facebook.com/photo/?fbid=27767896189466417&set=a.3044830832199629&__cft__[0]=AZYg6eettzMKtIVf6shwnxAOJ8f7_8rC1g4C2NhlpM4AUYMMDPCd9o_7euBgCQvWGJWiGc-oKohIs0DM8ICu99sPPcVjTXYZbwvF3m6Ok9X8cNDjWGx3QL0qIV4_Vu3T5EAcmDybTsg42dbxlFRVUlV06WJuNO107HGoXx-Aw2WhnQ&__tn__=EH-R,fb-post-036.jpg,,,,2026-04-26,yes,35
fb-post-037,Rashi Aggarwal,https://www.facebook.com/photo/?fbid=27767893649466671&set=a.3044830832199629&__cft__[0]=AZYwmG_W87MdKHFJk3Flv9vPMx88HgAYVQVPRIJfOMlhyfhylJ2gIpN_uoHwkHVzgcllEqlDjFVqp8L4XZdTPiXnUdWAcf9qjeO00m74A9pCQPq_-hMdzdC1hF_TddJzOeeH06bGOQp7pnUy0zvxTIuHl-4PY1-s7visJqvY-u3YBQ&__tn__=EH-R,fb-post-037.jpg,,,,2026-04-26,yes,36
fb-post-038,Post by Purushottam Sharma,https://www.facebook.com/purushottam.sharma.07/posts/pfbid02pktRVUp1EjGrHfBifkQs1Asx5hnZaDdzLga9VYn98ERx543ysPodeqFDhFM9xu3Kl?comment_id=26381730681466680&__cft__[0]=AZYwmG_W87MdKHFJk3Flv9vPMx88HgAYVQVPRIJfOMlhyfhylJ2gIpN_uoHwkHVzgcllEqlDjFVqp8L4XZdTPiXnUdWAcf9qjeO00m74A9pCQPq_-hMdzdC1hF_TddJzOeeH06bGOQp7pnUy0zvxTIuHl-4PY1-s7visJqvY-u3YBQ&__tn__=R-R,fb-post-038.jpg,,,,2026-04-26,yes,37
fb-post-039,Post by Purushottam Sharma,https://www.facebook.com/purushottam.sharma.07/posts/pfbid0371v9Skb1YpuxpXtwF68rCvT2apf8FV51KrqVULfoVivpxqzQ2V4ih2q5m1Qxz6hhl?comment_id=1631971191448149&__cft__[0]=AZZ2GBsFoyCppHoO0mrKeMhuN7nP1DUcvD3vgU5UPtqt8yG4Bai7p7rrab3yF431CHvlrBGuiGQcGIyaUM-7P9kD-yj_WOfSOqpWkiYEM8m-t2CYEvugRowjalrP0GKhY18Mbci1B8UhQcOMT1ZjpztL&__tn__=R-R,fb-post-039.jpg,,,,2026-04-26,yes,38
fb-post-040,Post by Purushottam Sharma,https://www.facebook.com/purushottam.sharma.07/posts/pfbid02rhbJYdhRKGqdKW8p6ffTtWiF8hKhnqwmgiFG52B1AELPtegKXHBGDC6YoCyk98Zjl?comment_id=851272057991189&__cft__[0]=AZaKFkiILXhqDSoyHFKtS9VBjiuR-ggttuMvugNdi0DoiQ1rgvCUAU2Wjf83WVkyJOuQduaKuBj618EqTEz5leP6iu7aTuNUSsPJejYMuC9XFPjAaS2ptepuiBPjBxB52SKEMZQj8zKm-6lMkE7cGJ8J&__tn__=R-R,fb-post-040.jpg,,,,2026-04-26,yes,39
fb-post-041,Parmeshwarlal Khandelia,https://www.facebook.com/photo/?fbid=24426910916898311&set=a.3044830832199629&__cft__[0]=AZZuJ8pyzNVw1rR0JgDD9gmWQHAjjKytnrakS9n8OM-DLwVvOzcWEOw7iJ2uQuKtLjPG2xZQVZ-eTXF2SDSkze7EpGkYCeQBSLYdsGJKSbjxwNbl4ZcxOhugubJdSjP-HYTR6xXAkglpaI1N1-AFvcBi8IlQiIr-_jNX2nBKzp4a2r4Tse0gRiLU-YJrL-9s6R8&__tn__=H-R,fb-post-041.jpg,,,,2026-04-26,yes,40
fb-post-042,Kamal Sharma,https://www.facebook.com/photo/?fbid=27708965642026139&set=a.2738702949479087&__cft__[0]=AZZuJ8pyzNVw1rR0JgDD9gmWQHAjjKytnrakS9n8OM-DLwVvOzcWEOw7iJ2uQuKtLjPG2xZQVZ-eTXF2SDSkze7EpGkYCeQBSLYdsGJKSbjxwNbl4ZcxOhugubJdSjP-HYTR6xXAkglpaI1N1-AFvcBi8IlQiIr-_jNX2nBKzp4a2r4Tse0gRiLU-YJrL-9s6R8&__tn__=H-R,fb-post-042.jpg,,,,2026-04-26,yes,41
fb-post-043,Post by Purushottam Sharma,https://www.facebook.com/purushottam.sharma.07/posts/pfbid0Mz2iJCmr2KXupBYi3DWdgXX6JiHM2LyMtPYWvt7PtHvmsHbJRxw7zZMDyEMk1YCUl?comment_id=3416173765215561&__cft__[0]=AZZuJ8pyzNVw1rR0JgDD9gmWQHAjjKytnrakS9n8OM-DLwVvOzcWEOw7iJ2uQuKtLjPG2xZQVZ-eTXF2SDSkze7EpGkYCeQBSLYdsGJKSbjxwNbl4ZcxOhugubJdSjP-HYTR6xXAkglpaI1N1-AFvcBi8IlQiIr-_jNX2nBKzp4a2r4Tse0gRiLU-YJrL-9s6R8&__tn__=R-R,fb-post-043.jpg,,,,2026-04-26,yes,42
fb-post-044,Madhu Khemka,https://www.facebook.com/photo/?fbid=27698535626402474&set=a.3044830832199629&__cft__[0]=AZYCPQ8JpSx4QuU1xZ09NDxf1ZLNhRlKK2HNJI3RCzQnB4rVab1zAKl37BQt2xYypqm4P05loj6eh4CsvtXhimpAkzm-FzhEy4JH0HuAj_WWzzqg96s8hrWNwvNUmO5nabfvpDXA8M8OSBLpAJy-0fi7sygy_PMz3m9icu_Bvt2sGQ&__tn__=EH-R,fb-post-044.jpg,,,,2026-04-26,yes,43
fb-post-045,Post by Purushottam Sharma,https://www.facebook.com/purushottam.sharma.07/posts/pfbid0K9LjbLzcCaXoFzcXWs4KC4tgpN7Avr1djxm9jSK9V8TuQEGXxeQ9ecGFHjHCMi79l?comment_id=929472683207131&__cft__[0]=AZYCPQ8JpSx4QuU1xZ09NDxf1ZLNhRlKK2HNJI3RCzQnB4rVab1zAKl37BQt2xYypqm4P05loj6eh4CsvtXhimpAkzm-FzhEy4JH0HuAj_WWzzqg96s8hrWNwvNUmO5nabfvpDXA8M8OSBLpAJy-0fi7sygy_PMz3m9icu_Bvt2sGQ&__tn__=R-R,fb-post-045.jpg,,,,2026-04-26,yes,44
fb-post-047,Post by Purushottam Sharma,https://www.facebook.com/purushottam.sharma.07/posts/pfbid0t993J8cGnq8sHbdW8CNyM6Ytai9YHefh1Gg9Gz2ejT61B5NTVFo14HRmrZSwT3nal?comment_id=921478367155824&__cft__[0]=AZavUdqvtucUi_ziJHh9Mlfy8j_I_FhiZaA9YlQMQjTMoJza8BRkfVwfVndVrXE4zH0cXQfZZGPwdG4KhX9WdhZA_WeDSy0AcK4GrLi8UNOs94615boCvcBBwYe81y2LGk3sz_QLoCs2m0dWbqFl3o_i&__tn__=R-R,fb-post-047.jpg,,,,2026-04-26,yes,45
fb-post-048,Post by Purushottam Sharma,https://www.facebook.com/purushottam.sharma.07/posts/pfbid02cTJrFFNbGbwzeXwWQ6y4SgjQa9jmi4pPNYAnFQyG7KKg1HkJdXSaTVVpUCTE8GbCl?comment_id=806800385309383&__cft__[0]=AZZ3RgD8meiN46_E5ixGL7OBQ6UIPjYM9h7ZWmgA7sP8MUbZlKzsbJAicnVkxETDnkZy5m0ANI_7AFkS3hrpLfuwZ-Acfs2Pi9T7K7X3XPpPuw3zdyfL_lnahuXPuRj9fv5terbjBIcD5-LCHGt_P45r&__tn__=R-R,fb-post-048.jpg,,,,2026-04-26,yes,46
fb-post-049,Post by Purushottam Sharma,https://www.facebook.com/purushottam.sharma.07/posts/pfbid09B5DeDfxV56Jv1vc8e4G6ZY7hMcfZyz6q9zb73gzibKppnczVaGr2HgCpPsvqhvMl?comment_id=922293494062158&__cft__[0]=AZaJibUDcMykgjitj1L8RZooq3H1g9lPeKUe4t5QCrgSa9a4pwHISHV7wPmq-LHKfnInX__Ls6Vc0BjFXfZUaMllxk-IVpiR6XafvWbSXttwgODlC-7xvLnxJP2OboQsjaqg_9Jbk2T6Zjsv_7GbPJXIENSo6yB7KRXCZJq6leVQp7prNSvjo3GCidk9YXqzOwk&__tn__=R-R,fb-post-049.jpg,,,,2026-04-26,yes,47
fb-post-050,Satish Saria,https://www.facebook.com/photo/?fbid=27642284412027596&set=a.3044830832199629&__cft__[0]=AZbZ2_p-fpUVPjKMecmspCJo6hDfxt6Xb6WpR5o6ayUwcrVG9PXH9mu4gqz1arBuMIdYd0EHts4HPebisteMO2fcEe9--bfcnJ8dzWQMDLtpSig4khNbP1yrz4lKhTWPT4IiI1WBT20tQSYAg7_av8mT7twT1hh_h8Se_AHjEbVeVg&__tn__=EH-R,fb-post-050.jpg,,,,2026-04-26,yes,48
fb-post-051,Post by Purushottam Sharma,https://www.facebook.com/purushottam.sharma.07/posts/pfbid02br9EyzMALWwh5pHCKQu9udx8C2SGo1hdBYJXU1ZTgqvsjsNXJ32J9t9sfR21RTPal?comment_id=2355585808258653&__cft__[0]=AZbZ2_p-fpUVPjKMecmspCJo6hDfxt6Xb6WpR5o6ayUwcrVG9PXH9mu4gqz1arBuMIdYd0EHts4HPebisteMO2fcEe9--bfcnJ8dzWQMDLtpSig4khNbP1yrz4lKhTWPT4IiI1WBT20tQSYAg7_av8mT7twT1hh_h8Se_AHjEbVeVg&__tn__=R-R,fb-post-051.jpg,,,,2026-04-26,yes,49
fb-post-053,Vidhya Salarpuria,https://www.facebook.com/photo/?fbid=27642279565361414&set=a.3044830832199629&__cft__[0]=AZZ6qyafFcCbxoQ3IkAsgJZlmd4wNCYDC6EtfQkZwT5iQ6meZ1AAotQ7rwIDf_sLiKWi-bCDVbp7DC9iL1zhqI5o8wzQjknxASlOXvhTMnbTWEqT8pdfzH3Bd-qEd1UotQ6-gqiIMFVfwY7OuVR0OUpbErRW3wSHQ_62RocWRn0uQA&__tn__=EH-R,fb-post-053.jpg,,,,2026-04-26,yes,50
fb-post-055,Sudha Tulsyan,https://www.facebook.com/photo/?fbid=27642275138695190&set=a.3044830832199629&__cft__[0]=AZYeKU0-YXNXm0-c_UaBPFL-ZuKWxL-42vHob4dn3z7IQq-k4YgjVs7KroEKN8iT__rOt-s07BXxRBbcniF50ZJf_s0pqn8uShp_qwnqA9c_tA-3QpLFOtkDtKPBQXLoR8VJgyTB9xVxPW_EO_DUxUu1bCjysN-_a6swqKSiUyjeCA&__tn__=EH-R,fb-post-055.jpg,,,,2026-04-26,yes,51
fb-post-056,Post by Purushottam Sharma,https://www.facebook.com/purushottam.sharma.07/posts/pfbid0RK1DiKPcTDhXYMwgJEpwSMKfgcAj6NDViSm6UC7SQUWdsR8Af5FrrRxnKHxt6ovbl?comment_id=2142618799859794&__cft__[0]=AZYeKU0-YXNXm0-c_UaBPFL-ZuKWxL-42vHob4dn3z7IQq-k4YgjVs7KroEKN8iT__rOt-s07BXxRBbcniF50ZJf_s0pqn8uShp_qwnqA9c_tA-3QpLFOtkDtKPBQXLoR8VJgyTB9xVxPW_EO_DUxUu1bCjysN-_a6swqKSiUyjeCA&__tn__=R-R,fb-post-056.jpg,,,,2026-04-26,yes,52
fb-post-057,Ram Gopal Chomal,https://www.facebook.com/photo/?fbid=27642274342028603&set=a.3044830832199629&__cft__[0]=AZZYY90_x8W2DpR20PUVdW6Cqx-ZaK9VND8XKFKEJMv-2niE6pWEF2kM9DaEKbSDURkyhhMYMNpt30zVDfWCJaNKA8rwbhGZA9epWnT4YYsflfi4uHH0I6N8Sw2O5a7nT7AIfGnm2JSGIQCskzM1Zww3LMYYKUWNVjxnvMNI3uMpbQ&__tn__=EH-R,fb-post-057.jpg,,,,2026-04-26,yes,53
fb-post-058,Post by Purushottam Sharma,https://www.facebook.com/purushottam.sharma.07/posts/pfbid02mVqwrfN8EDYm8rRThgVsx3CmLudoDDYwJAUKPuwdPPozth9pzMCjyUR2hMJhvHvUl?comment_id=3473959932759847&__cft__[0]=AZZYY90_x8W2DpR20PUVdW6Cqx-ZaK9VND8XKFKEJMv-2niE6pWEF2kM9DaEKbSDURkyhhMYMNpt30zVDfWCJaNKA8rwbhGZA9epWnT4YYsflfi4uHH0I6N8Sw2O5a7nT7AIfGnm2JSGIQCskzM1Zww3LMYYKUWNVjxnvMNI3uMpbQ&__tn__=R-R,fb-post-058.jpg,,,,2026-04-26,yes,54
fb-post-059,Deepti Bihani,https://www.facebook.com/photo/?fbid=27642269155362455&set=a.3044830832199629&__cft__[0]=AZYQ4ekKfA_NUNUexoj_4Sil-e0wgs_H2o5loiK0EjFuny941S57bw6IRpfcKGqw6g04xnNK6tdAxujHNAmMy9-gXaahPkOXqPU-lMCgcHL9HT04exnxI048rDHjTt8m5D1PLccwgWE8qx3Wk4HypQIZ46-iMHisvjSK1Obwhg7MDw&__tn__=EH-R,fb-post-059.jpg,,,,2026-04-26,yes,55
fb-post-060,Post by Purushottam Sharma,https://www.facebook.com/purushottam.sharma.07/posts/pfbid0c8CRj1CCEmPAoPZec4GocZpdjdqi89CTSXEM7PhF6HP9kBTnxPnAVEW4KB5rPEs8l?comment_id=927951176721036&__cft__[0]=AZYQ4ekKfA_NUNUexoj_4Sil-e0wgs_H2o5loiK0EjFuny941S57bw6IRpfcKGqw6g04xnNK6tdAxujHNAmMy9-gXaahPkOXqPU-lMCgcHL9HT04exnxI048rDHjTt8m5D1PLccwgWE8qx3Wk4HypQIZ46-iMHisvjSK1Obwhg7MDw&__tn__=R-R,fb-post-060.jpg,,,,2026-04-26,yes,56
fb-post-061,Post by Purushottam Sharma,https://www.facebook.com/purushottam.sharma.07/posts/pfbid0c8CRj1CCEmPAoPZec4GocZpdjdqi89CTSXEM7PhF6HP9kBTnxPnAVEW4KB5rPEs8l?comment_id=927951176721036&reply_comment_id=965968675772591&__cft__[0]=AZYQ4ekKfA_NUNUexoj_4Sil-e0wgs_H2o5loiK0EjFuny941S57bw6IRpfcKGqw6g04xnNK6tdAxujHNAmMy9-gXaahPkOXqPU-lMCgcHL9HT04exnxI048rDHjTt8m5D1PLccwgWE8qx3Wk4HypQIZ46-iMHisvjSK1Obwhg7MDw&__tn__=R-R,fb-post-061.jpg,,,,2026-04-26,yes,57
fb-post-062,Aruun Gupta,https://www.facebook.com/photo/?fbid=27642266315362739&set=a.3044830832199629&__cft__[0]=AZZFcxX64-AcDCLYFTKJV53h3hy4H5NhHmmybHyIQBbTQBI41nzFm5S7JsVgJoBrK9yd7SuKib-aiBKERNBaJyiNFTyAUalg-B_r3NOMIlIEyek6AEEHdJhKEyprHq-5xl6ZQL3wJJEw7BaKj-Gpq_0sXuN71pV6MOHdkbwk-hzATw&__tn__=EH-R,fb-post-062.jpg,,,,2026-04-26,yes,58
fb-post-063,Post by Purushottam Sharma,https://www.facebook.com/purushottam.sharma.07/posts/pfbid0Fu4bdwq9hD64mDpyWmoQR3M6rX1ZTa3ZfdMvjnshSch1c8KqwA7u3RDGrQm9fbHSl?comment_id=1629382754876620&__cft__[0]=AZZFcxX64-AcDCLYFTKJV53h3hy4H5NhHmmybHyIQBbTQBI41nzFm5S7JsVgJoBrK9yd7SuKib-aiBKERNBaJyiNFTyAUalg-B_r3NOMIlIEyek6AEEHdJhKEyprHq-5xl6ZQL3wJJEw7BaKj-Gpq_0sXuN71pV6MOHdkbwk-hzATw&__tn__=R-R,fb-post-063.jpg,,,,2026-04-26,yes,59
fb-post-064,Post by Purushottam Sharma,https://www.facebook.com/purushottam.sharma.07/posts/pfbid0qcFXzJrJJ2FUfy162GJuPZPFqbpjsZ2t9LM7ugvFQPbRabhgzkyqYCUz7GZAoUK8l?comment_id=919435934022131&__cft__[0]=AZb9qP191wQv8dNqH_w-y9dW6wuqcvYNl09IbXwjVevQx7u_46FI-yJoeTyjiGN2uhDnGr91gnEvN9Vrtp9VraLUnj-g6iYwgM28_KPCrlgqBRL2C8AxzxAj1aizK2i6KR5Xd8xYHkLyDKlyoOrtU_KeKUTPW-7PjpKCFtljotudpkwKKYrRJsH_LQhCki6cUJk&__tn__=R-R,fb-post-064.jpg,,,,2026-04-26,yes,60
fb-post-065,Post by Purushottam Sharma,https://www.facebook.com/purushottam.sharma.07/posts/pfbid0qcFXzJrJJ2FUfy162GJuPZPFqbpjsZ2t9LM7ugvFQPbRabhgzkyqYCUz7GZAoUK8l?comment_id=919435934022131&reply_comment_id=932398782718397&__cft__[0]=AZb9qP191wQv8dNqH_w-y9dW6wuqcvYNl09IbXwjVevQx7u_46FI-yJoeTyjiGN2uhDnGr91gnEvN9Vrtp9VraLUnj-g6iYwgM28_KPCrlgqBRL2C8AxzxAj1aizK2i6KR5Xd8xYHkLyDKlyoOrtU_KeKUTPW-7PjpKCFtljotudpkwKKYrRJsH_LQhCki6cUJk&__tn__=R-R,fb-post-065.jpg,,,,2026-04-26,yes,61
fb-post-066,Shashi Vyas,https://www.facebook.com/photo/?fbid=27586460177610020&set=a.3044830832199629&__cft__[0]=AZblJS8MmdF7TOXKpTfS9mJT2NXI5lpEXDJPXxXVmrusGVedLhbScpeqPaIeEJKjVOxP6eTe6IQ5HizOFQFg1ufe_jImgmhHw5tdeoX0Zkd_SJ5rS_EXhxoTLl3gFcz68cqHe8sE653cAKnYXtj81V10YDKaxWjQrS2qqNWQKsuA2w&__tn__=EH-R,fb-post-066.jpg,,,,2026-04-26,yes,62
fb-post-067,Post by Purushottam Sharma,https://www.facebook.com/purushottam.sharma.07/posts/pfbid0P7fXvmjJ8bZnmLsRyYvMFAq2YT9pFzE5rCBv23cQiueE8fXhVkb9g5cjy3yrvmnrl?comment_id=903135055818603&__cft__[0]=AZblJS8MmdF7TOXKpTfS9mJT2NXI5lpEXDJPXxXVmrusGVedLhbScpeqPaIeEJKjVOxP6eTe6IQ5HizOFQFg1ufe_jImgmhHw5tdeoX0Zkd_SJ5rS_EXhxoTLl3gFcz68cqHe8sE653cAKnYXtj81V10YDKaxWjQrS2qqNWQKsuA2w&__tn__=R-R,fb-post-067.jpg,,,,2026-04-26,yes,63
fb-post-068,Neetu Gupta,https://www.facebook.com/photo/?fbid=27586458187610219&set=a.3044830832199629&__cft__[0]=AZY38aMiwNzES-w9iuZ42fNHdkmA8RJzeYv2r5J61b6TwnsZ4p_ydeORscGq8-XDqe4MZLYzZi4Rtzrwg7q5rMACdmBZhnIf5rkW4Ad1dSbUmYaMTlUj8I0rm2y1E4JYJivj2SuTPBa3u2Vu10urFVnN2DcSwWrpBaY_ON8Jbl8pCw&__tn__=EH-R,fb-post-068.jpg,,,,2026-04-26,yes,64
fb-post-069,Chandadevi Agarwala,https://www.facebook.com/photo/?fbid=27586456357610402&set=a.3044830832199629&__cft__[0]=AZYyVW3dm1UWGCE02V9ueU0zythwig9gtv4826vxw1FjO5BdoXZ2rnE2vAb-_j2Ck3mOpQo7o_JGyQacjp0FfeO37vecniXL_2Hf-jkjHlF87XOk1FQnqyg96XQWosUO2G6Npa5SOHyi2IcPCtd7fqGNRlRtEXUyGaW6CCKKpaKnZA&__tn__=EH-R,fb-post-069.jpg,,,,2026-04-26,yes,65
fb-post-070,Pearls of Rumi,https://www.facebook.com/purushottam.sharma.07/posts/pfbid08w6U5WhuVbTftmPs7WF8GM88jj3EYZvjf9xVDFRWcKZ83fe62xKJ4UjBEL6Rxcftl?comment_id=2150010882479147&__cft__[0]=AZYyVW3dm1UWGCE02V9ueU0zythwig9gtv4826vxw1FjO5BdoXZ2rnE2vAb-_j2Ck3mOpQo7o_JGyQacjp0FfeO37vecniXL_2Hf-jkjHlF87XOk1FQnqyg96XQWosUO2G6Npa5SOHyi2IcPCtd7fqGNRlRtEXUyGaW6CCKKpaKnZA&__tn__=R-R,fb-post-070.jpg,,,,2026-04-26,yes,66
fb-post-072,Rashi Aggarwal,https://www.facebook.com/photo/?fbid=27586451934277511&set=a.3044830832199629&__cft__[0]=AZZyDUxTTKqFMOPCRnRvlRF9kwjo2bfZ-BFz7US_mIKJoc_bf5RA1gZtoh2vHsiDEQZTw6LPCX5sygQQ2pTDGGqW5t1ck-kYO4bvORAPipVXkKwQLetb5x_D2m3gbSseTuhAY0wdamCRQkQ--mHff_jLXcJ5Nsmqp8doMed7pBgdDA&__tn__=EH-R,fb-post-072.jpg,,,,2026-04-26,yes,67
fb-post-073,Post by Purushottam Sharma,https://www.facebook.com/purushottam.sharma.07/posts/pfbid02EemLBnwHWzhW6zuxjQr3puLpEpsiMd5TAtrM1wFhuXGkdD4329km15JALnHXgJTTl?comment_id=1271877078409854&__cft__[0]=AZZyDUxTTKqFMOPCRnRvlRF9kwjo2bfZ-BFz7US_mIKJoc_bf5RA1gZtoh2vHsiDEQZTw6LPCX5sygQQ2pTDGGqW5t1ck-kYO4bvORAPipVXkKwQLetb5x_D2m3gbSseTuhAY0wdamCRQkQ--mHff_jLXcJ5Nsmqp8doMed7pBgdDA&__tn__=R-R,fb-post-073.jpg,,,,2026-04-26,yes,68
fb-post-075,Post by Purushottam Sharma,https://www.facebook.com/purushottam.sharma.07/posts/pfbid0BzZVhcWaFnSajfDtvFeACaj3hQ56op7wgpPzM2WcZyC5twBj188RXmBtRsxe3hwJl?comment_id=3295801997264756&__cft__[0]=AZaopd0z7_ok8hT4Bzw6_l48Z3q6DEaK2Q_w8SOXbjc24mxveWVTiWvVwmOV92ACFSI6euKx5i-ab2hELEJX6bRKOGN22XzxJsixToDB-zI2lAr8TcbFmubCby6EnarTO4eLW_tnQ777vdikZpPoLR_T&__tn__=R-R,fb-post-075.jpg,,,,2026-04-26,yes,69
fb-post-076,Post by Purushottam Sharma,https://www.facebook.com/purushottam.sharma.07/posts/pfbid0vAydLoy6Vtioj5JxFVmdAxfJwP3PwjYqGyJ1nXLZecAox4tkxytGhrLySgPXwFDQl?comment_id=26380005114927196&__cft__[0]=AZaHUSt3TbDfc73Tj-4Bw6e5_hvMChOqsUm-3N_azJ1xS493SKocIn1vwNCKIHBQxOJi4aPmS8_FSL-GV018mUK95jOtHNsbXv3cBoM9mevl0sn8XyKHuctB-YoRevGafYCMvsM_BRmYbtnOWaWdnBXzZqtJPJkIWi0cMZlN-9Qpy2C0RVSs0EDJmfJnyL7J9ms&__tn__=R-R,fb-post-076.jpg,,,,2026-04-26,yes,70
fb-post-077,Rashi Aggarwal,https://www.facebook.com/photo/?fbid=27534165849506120&set=a.3044830832199629&__cft__[0]=AZZfct87xpX0j3HUEUXVHQYwSTUSJkVHGDNiswB6xS5L6eN5SPi3OQDWoz7gZjNKM9t6_BN6jwnHvrnHYIOc0ydIRlKEtgP2T9Sr9mOMldzhKeFIiUtcEA82E6SHkDJcM4Ck0x-EihgMxJYd9SBnbMDwQQRYNzVokBODINMdTF4-Dw&__tn__=EH-R,fb-post-077.jpg,,,,2026-04-26,yes,71
fb-post-078,Post by Purushottam Sharma,https://www.facebook.com/purushottam.sharma.07/posts/pfbid0NeoKkv4jkiCDRT3YRDFpBADBPqxMod2Dc99zBjusFjTFUbkXyBa8S7JLj8LYKCGvl?comment_id=1641291330218656&__cft__[0]=AZZfct87xpX0j3HUEUXVHQYwSTUSJkVHGDNiswB6xS5L6eN5SPi3OQDWoz7gZjNKM9t6_BN6jwnHvrnHYIOc0ydIRlKEtgP2T9Sr9mOMldzhKeFIiUtcEA82E6SHkDJcM4Ck0x-EihgMxJYd9SBnbMDwQQRYNzVokBODINMdTF4-Dw&__tn__=R-R,fb-post-078.jpg,,,,2026-04-26,yes,72
fb-post-079,Neetu Gupta,https://www.facebook.com/photo/?fbid=27534165242839514&set=a.3044830832199629&__cft__[0]=AZZRHe9kaJAC05lsfIil7XeuIxa4c7gYU2Q_7GvJd6m9fuUvG0SVc7Lfm_4JQ0sOKCywDb04A_qWw5OEVrCcsRDIUk3nlqZXbLo1PNlyhqTgZnpMFLN5ulQjrl0Sd08nUQS0HSaeF0T563O2Kyxgv7K5hDZ5QxW1DWv4HdJ_75Itzg&__tn__=EH-R,fb-post-079.jpg,,,,2026-04-26,yes,73
fb-post-080,Bina Todi,https://www.facebook.com/photo/?fbid=27534163646173007&set=a.3044830832199629&__cft__[0]=AZZRgmwgZVCYLG70wg9G5xv2hG07QH5X-3UZTyD05jE4HszgzjfVcDTTPHkemf14a6h8L9hx6qUR0QMJplZ2JPKV1NGMgJ4_QtaOmxbrGPyu820K0Fn1hsVw34vZeIrNyzOtyEtn2WLVVgyoKaS7VQYPPL7UeYtG7jFG5oAq4wIVLA&__tn__=EH-R,fb-post-080.jpg,,,,2026-04-26,yes,74
fb-post-081,Post by Purushottam Sharma,https://www.facebook.com/purushottam.sharma.07/posts/pfbid02BCukDg8cmEBPp4To4AYKgkWw9n5ujmhzVdZBvhiyQdvxrWtHV1YqA6UX819qe31cl?comment_id=1418852522880712&__cft__[0]=AZZRgmwgZVCYLG70wg9G5xv2hG07QH5X-3UZTyD05jE4HszgzjfVcDTTPHkemf14a6h8L9hx6qUR0QMJplZ2JPKV1NGMgJ4_QtaOmxbrGPyu820K0Fn1hsVw34vZeIrNyzOtyEtn2WLVVgyoKaS7VQYPPL7UeYtG7jFG5oAq4wIVLA&__tn__=R-R,fb-post-081.jpg,,,,2026-04-26,yes,75
fb-post-082,Post by Purushottam Sharma,https://www.facebook.com/purushottam.sharma.07/posts/pfbid02BCukDg8cmEBPp4To4AYKgkWw9n5ujmhzVdZBvhiyQdvxrWtHV1YqA6UX819qe31cl?comment_id=1418852522880712&reply_comment_id=1483763553267416&__cft__[0]=AZZRgmwgZVCYLG70wg9G5xv2hG07QH5X-3UZTyD05jE4HszgzjfVcDTTPHkemf14a6h8L9hx6qUR0QMJplZ2JPKV1NGMgJ4_QtaOmxbrGPyu820K0Fn1hsVw34vZeIrNyzOtyEtn2WLVVgyoKaS7VQYPPL7UeYtG7jFG5oAq4wIVLA&__tn__=R-R,fb-post-082.jpg,,,,2026-04-26,yes,76
fb-post-083,Rashi Aggarwal,https://www.facebook.com/photo/?fbid=27534162099506495&set=a.3044830832199629&__cft__[0]=AZZWRpUSSzTqjV9zajwDt1DAhQrTmmbrnX6OMAI2AUbns0xcoEhkj9DfsW4aDeR6MCruiWrRg6EeU6Crv5x6SanzaqBr0C3qnEjlAxlvrddtp-BdaIIyuefa3feJNYzU0bSSSnRy7gTG5mlZCzunlZKDgkidSX2gd0Jegd3uMmOk4w&__tn__=EH-R,fb-post-083.jpg,fb-post-083-comment-1.jpg,,,2026-04-26,yes,77
fb-post-084,Post by Purushottam Sharma,https://www.facebook.com/purushottam.sharma.07/posts/pfbid0upzUHirLcGW1U7GuuuoVVddH88U5Tu953hv46kVDq3FK8Tppfi5XW8bazeA3TEffl?comment_id=1259344606134771&__cft__[0]=AZZWRpUSSzTqjV9zajwDt1DAhQrTmmbrnX6OMAI2AUbns0xcoEhkj9DfsW4aDeR6MCruiWrRg6EeU6Crv5x6SanzaqBr0C3qnEjlAxlvrddtp-BdaIIyuefa3feJNYzU0bSSSnRy7gTG5mlZCzunlZKDgkidSX2gd0Jegd3uMmOk4w&__tn__=R-R,fb-post-084.jpg,,,,2026-04-26,yes,78
fb-post-085,Kamal Sharma,https://www.facebook.com/photo/?fbid=27534160239506681&set=a.3044830832199629&__cft__[0]=AZZ14G03Of6fapQqY27KNiZjVUt5vbO_J9yzzmDgHEwPF0RGppLkhQ_EaqnW6F4gYmV3N4h3tI1xToGbNB3bCXYiBrr1HGtJMcE0iABs2FHCBpQAy6zgFMtnoE9om0Pq020QzByLkrCuC0bWxO59Jobu_nUYY0OURafb5fAMJNe-ig&__tn__=EH-R,fb-post-085.jpg,,,,2026-04-26,yes,79
fb-post-086,Post by Purushottam Sharma,https://www.facebook.com/purushottam.sharma.07/posts/pfbid07CBew1h3qn4zvLCD4UZWqH8QFuPd9x4wKU6HahW5WVHt5g9F5jDXoeqpPTfQhH4el?comment_id=915998367992567&__cft__[0]=AZZ14G03Of6fapQqY27KNiZjVUt5vbO_J9yzzmDgHEwPF0RGppLkhQ_EaqnW6F4gYmV3N4h3tI1xToGbNB3bCXYiBrr1HGtJMcE0iABs2FHCBpQAy6zgFMtnoE9om0Pq020QzByLkrCuC0bWxO59Jobu_nUYY0OURafb5fAMJNe-ig&__tn__=R-R,fb-post-086.jpg,,,,2026-04-26,yes,80
fb-post-087,Kajal Dalmia,https://www.facebook.com/photo/?fbid=27534158569506848&set=a.3044830832199629&__cft__[0]=AZZ2WIxBHNgnkd08TeYrQ8Iu4pAkGep6MK3SrHhsx9beBek4fZL4hE0MB-CPdiQcOSkbt5sLMWzNdl0JUZ4LQoAOWuhkr6shDC6pXy61lAGKxnTwGNmh5W6WGBcOIhtAc40vtI2I2ZD28EeZMp2M7_V75728M4xRUsBHo0jtWyjilw&__tn__=EH-R,fb-post-087.jpg,,,,2026-04-26,yes,81
fb-post-088,Post by Purushottam Sharma,https://www.facebook.com/purushottam.sharma.07/posts/pfbid0cJuCg6oD4FX2RjpR8xYV7JKQSyyVfjpydtekyEGX5YSBCqioqv5q1mCHJAyGs99wl?comment_id=2066220993953809&__cft__[0]=AZZ2WIxBHNgnkd08TeYrQ8Iu4pAkGep6MK3SrHhsx9beBek4fZL4hE0MB-CPdiQcOSkbt5sLMWzNdl0JUZ4LQoAOWuhkr6shDC6pXy61lAGKxnTwGNmh5W6WGBcOIhtAc40vtI2I2ZD28EeZMp2M7_V75728M4xRUsBHo0jtWyjilw&__tn__=R-R,fb-post-088.jpg,,,,2026-04-26,yes,82
